1716079446374,592,12,2082,-1,-1
1716079446599,611,38,2155,-1,-1
1716079446838,667,114,2149,-1,-1
1716079447063,664,29,1994,-1,-1
1716079447289,707,15,1967,-1,-1
1716079447514,674,-1,-1,-1,-1
1716079447740,705,-1,-1,-1,-1
1716079447965,703,10,2040,-1,-1
1716079448190,705,-1,-1,-1,-1
1716079448416,715,11,2220,-1,-1
1716079448641,686,-1,-1,-1,-1
1716079448867,693,-1,-1,-1,-1
1716079449092,715,-1,-1,-1,-1
1716079449318,700,-1,-1,-1,-1
1716079449543,712,-1,-1,-1,-1
1716079449768,668,9,2009,-1,-1
1716079449993,716,-1,-1,-1,-1
1716079450232,689,-1,-1,-1,-1
1716079450457,697,-1,-1,-1,-1
1716079450683,729,11,2560,10,2794
1716079450908,738,-1,-1,-1,-1
1716079451134,705,-1,-1,-1,-1
1716079451359,721,-1,-1,-1,-1
1716079451584,710,-1,-1,-1,-1
1716079451810,713,-1,-1,-1,-1
1716079452035,720,11,1076,-1,-1
1716079452261,715,12,1066,-1,-1
1716079452486,717,12,1042,10,2068
1716079452711,721,-1,-1,-1,-1
1716079452937,712,19,1013,-1,-1
1716079453162,723,23,1019,-1,-1
1716079453387,729,21,1005,-1,-1
1716079453613,699,29,1020,-1,-1
1716079453838,706,25,1018,-1,-1
1716079454064,693,25,1049,-1,-1
1716079454289,740,24,1049,-1,-1
1716079454514,719,21,1032,-1,-1
1716079454740,715,21,1009,-1,-1
1716079454965,732,27,1011,12,2757
1716079455191,709,28,1018,-1,-1
1716079455416,689,40,1017,-1,-1
1716079455641,720,43,1017,-1,-1
1716079455866,702,50,1012,-1,-1
1716079456092,732,60,1002,-1,-1
1716079456317,719,65,1002,-1,-1
1716079456543,715,65,996,13,2737
1716079456768,727,79,996,-1,-1
1716079456993,717,88,991,-1,-1
1716079457219,708,90,994,7,1832
1716079457444,712,90,993,-1,-1
1716079457670,738,55,1003,-1,-1
1716079457895,722,28,1003,-1,-1
1716079458120,755,14,1003,-1,-1
1716079458346,720,12,1036,-1,-1
1716079458571,727,16,1032,-1,-1
1716079458796,726,10,1023,-1,-1
1716079459022,733,12,1043,-1,-1
1716079459247,723,13,1016,-1,-1
1716079459472,722,11,1014,-1,-1
1716079459698,725,17,1044,-1,-1
1716079459923,736,13,1046,-1,-1
1716079460148,707,11,1030,-1,-1
1716079460374,710,10,1032,-1,-1
1716079460599,722,-1,-1,-1,-1
1716079460824,759,-1,-1,-1,-1
1716079461050,716,13,1044,-1,-1
1716079461275,725,13,1049,-1,-1
1716079461501,734,15,1060,-1,-1
1716079461726,702,12,1057,11,1451
1716079461951,727,-1,-1,-1,-1
1716079462177,725,14,1056,-1,-1
1716079462402,745,13,1044,-1,-1
1716079462627,748,14,1031,-1,-1
1716079462853,736,-1,-1,-1,-1
1716079463078,725,-1,-1,-1,-1
1716079463303,754,11,1030,-1,-1
1716079463529,723,13,1041,-1,-1
1716079463754,734,13,1049,-1,-1
1716079463980,729,27,1,-1,-1
1716079464205,736,16,1058,-1,-1
1716079464430,742,14,1055,12,2012
1716079464656,715,10,1047,-1,-1
1716079464881,714,-1,-1,-1,-1
1716079465106,748,13,1051,-1,-1
1716079465332,742,13,1051,-1,-1
1716079465557,733,15,1046,-1,-1
1716079465782,757,12,1046,-1,-1
1716079466008,730,13,1024,-1,-1
1716079466233,732,12,1034,10,2186
1716079466459,726,14,1031,-1,-1
1716079466684,718,16,1040,-1,-1
1716079466909,731,16,1027,9,1837
1716079467135,721,19,1034,-1,-1
1716079467360,734,15,1021,-1,-1
1716079467585,746,16,1030,8,3062
1716079467811,729,-1,-1,-1,-1
1716079468036,723,15,1026,-1,-1
1716079468262,723,17,1031,-1,-1
1716079468487,723,16,1015,-1,-1
1716079468713,725,16,1033,-1,-1
1716079468938,781,14,1019,-1,-1
1716079469163,756,-1,-1,-1,-1
1716079469389,742,15,1018,-1,-1
1716079469614,756,14,1017,-1,-1
1716079469839,736,15,1023,-1,-1
1716079470065,748,14,1038,-1,-1
1716079470290,698,14,1034,-1,-1
1716079470516,738,13,1030,-1,-1
1716079470741,748,17,1031,-1,-1
1716079470966,718,14,1030,-1,-1
1716079471192,776,17,1026,-1,-1
1716079471417,709,15,1038,-1,-1
1716079471643,728,15,1032,-1,-1
1716079471868,734,16,1013,-1,-1
1716079472093,746,14,1029,-1,-1
1716079472319,748,16,1036,-1,-1
1716079472544,769,18,1020,-1,-1
1716079472770,723,15,1025,-1,-1
1716079472995,737,13,1016,-1,-1
1716079473220,719,14,1031,10,1748
1716079473446,745,14,1022,-1,-1
1716079473671,736,16,1021,-1,-1
1716079473896,735,16,1022,-1,-1
1716079474122,752,13,1016,-1,-1
1716079474347,771,12,1021,-1,-1
1716079474573,744,13,1017,-1,-1
1716079474798,744,14,1035,-1,-1
1716079475023,705,10,1025,-1,-1
1716079475249,709,17,1016,-1,-1
1716079475474,722,15,1035,-1,-1
1716079475699,739,14,1017,-1,-1
1716079475925,768,15,1026,12,2687
1716079476150,706,19,1038,-1,-1
1716079476376,716,13,1026,-1,-1
1716079476601,738,14,1027,-1,-1
1716079476826,758,15,1022,-1,-1
1716079477052,737,16,1021,-1,-1
1716079477277,739,16,1020,6,3517
1716079477503,725,17,1020,-1,-1
1716079477728,739,13,1031,-1,-1
1716079477953,759,18,1025,-1,-1
1716079478179,732,16,1028,-1,-1
1716079478404,734,18,1025,-1,-1
1716079478629,745,13,1046,-1,-1
1716079478854,731,18,1036,-1,-1
1716079479080,745,18,1025,-1,-1
1716079479305,775,17,1031,-1,-1
1716079479531,732,17,1062,-1,-1
1716079479756,745,-1,-1,-1,-1
1716079479981,734,12,2501,-1,-1
1716079480206,746,-1,-1,-1,-1
1716079480445,796,-1,-1,-1,-1
1716079480670,766,-1,-1,-1,-1
1716079480896,783,-1,-1,-1,-1
1716079481121,765,-1,-1,-1,-1
1716079481347,745,-1,-1,-1,-1
1716079481572,757,-1,-1,-1,-1
1716079481797,714,12,2893,-1,-1
1716079482023,737,-1,-1,-1,-1
1716079482248,752,13,2796,-1,-1
1716079482473,777,10,1364,-1,-1
1716079482699,778,-1,-1,-1,-1
1716079482924,737,-1,-1,-1,-1
1716079483150,747,-1,-1,-1,-1
1716079483375,771,-1,-1,-1,-1
1716079483600,798,-1,-1,-1,-1
1716079483826,764,-1,-1,-1,-1
1716079484051,747,-1,-1,-1,-1
1716079484277,779,-1,-1,-1,-1
1716079484502,772,-1,-1,-1,-1
1716079484727,786,-1,-1,-1,-1
1716079484953,757,-1,-1,-1,-1
1716079485178,770,-1,-1,-1,-1
1716079485403,731,-1,-1,-1,-1
1716079485629,758,-1,-1,-1,-1
1716079485854,771,-1,-1,-1,-1
1716079486079,744,-1,-1,-1,-1
1716079486305,757,12,2666,-1,-1
1716079486530,753,-1,-1,-1,-1
1716079486756,754,9,2968,-1,-1
1716079486981,765,13,1175,-1,-1
1716079487206,752,-1,-1,-1,-1
1716079487432,790,-1,-1,-1,-1
1716079487657,765,-1,-1,-1,-1
1716079487882,718,-1,-1,-1,-1
1716079488108,782,-1,-1,-1,-1
1716079488333,768,-1,-1,-1,-1
1716079488558,764,-1,-1,-1,-1
1716079488784,752,-1,-1,-1,-1
1716079489009,753,15,2746,-1,-1
1716079489235,762,-1,-1,-1,-1
1716079489460,775,-1,-1,-1,-1
1716079489685,774,-1,-1,-1,-1
1716079489911,750,-1,-1,-1,-1
1716079490136,775,-1,-1,-1,-1
1716079490362,770,-1,-1,-1,-1
1716079490587,777,-1,-1,-1,-1
1716079490812,772,-1,-1,-1,-1
1716079491038,768,-1,-1,-1,-1
1716079491263,755,-1,-1,-1,-1
1716079491488,737,-1,-1,-1,-1
1716079491714,777,-1,-1,-1,-1
1716079491939,766,13,2693,-1,-1
1716079492164,777,-1,-1,-1,-1
1716079492390,753,-1,-1,-1,-1
1716079492615,762,-1,-1,-1,-1
1716079492840,779,-1,-1,-1,-1
1716079493066,750,-1,-1,-1,-1
1716079493291,768,-1,-1,-1,-1
1716079493517,800,-1,-1,-1,-1
1716079493742,790,-1,-1,-1,-1
1716079493967,741,-1,-1,-1,-1
1716079494193,776,-1,-1,-1,-1
1716079494418,760,-1,-1,-1,-1
1716079494643,761,7,783,-1,-1
1716079494869,780,-1,-1,-1,-1
1716079495094,775,12,246,-1,-1
1716079495320,788,-1,-1,-1,-1
1716079495545,805,-1,-1,-1,-1
1716079495770,781,11,2397,-1,-1
1716079495996,794,-1,-1,-1,-1
1716079496221,750,-1,-1,-1,-1
1716079496446,800,-1,-1,-1,-1
1716079496671,784,-1,-1,-1,-1
1716079496897,785,-1,-1,-1,-1
1716079497122,780,-1,-1,-1,-1
1716079497348,776,-1,-1,-1,-1
1716079497573,787,-1,-1,-1,-1
1716079497798,773,-1,-1,-1,-1
1716079498024,763,-1,-1,-1,-1
1716079498249,788,-1,-1,-1,-1
1716079498475,766,-1,-1,-1,-1
1716079498700,776,8,1002,-1,-1
1716079498925,771,11,2069,-1,-1
1716079499151,789,-1,-1,-1,-1
1716079499376,743,-1,-1,-1,-1
1716079499601,782,-1,-1,-1,-1
1716079499827,806,-1,-1,-1,-1
1716079500052,753,-1,-1,-1,-1
1716079500277,771,-1,-1,-1,-1
1716079500503,786,9,1987,-1,-1
1716079500728,786,12,2469,-1,-1
1716079500954,764,-1,-1,-1,-1
1716079501179,781,-1,-1,-1,-1
1716079501405,755,-1,-1,-1,-1
1716079501630,790,10,1512,11,2563
1716079501855,781,-1,-1,-1,-1
1716079502081,754,-1,-1,-1,-1
1716079502306,797,-1,-1,-1,-1
1716079502532,772,-1,-1,-1,-1
1716079502757,767,-1,-1,-1,-1
1716079502982,758,-1,-1,-1,-1
1716079503208,799,-1,-1,-1,-1
1716079503433,783,-1,-1,-1,-1
1716079503658,767,13,2038,13,2396
1716079503884,752,12,2031,-1,-1
1716079504109,762,-1,-1,-1,-1
1716079504335,795,-1,-1,-1,-1
1716079504560,792,15,2693,-1,-1
1716079504785,746,-1,-1,-1,-1
1716079505011,768,-1,-1,-1,-1
1716079505236,783,-1,-1,-1,-1
1716079505462,779,-1,-1,-1,-1
1716079505687,797,-1,-1,-1,-1
1716079505912,782,-1,-1,-1,-1
1716079506138,776,-1,-1,-1,-1
1716079506363,768,-1,-1,-1,-1
1716079506588,759,-1,-1,-1,-1
1716079506814,750,11,2913,-1,-1
1716079507039,789,-1,-1,-1,-1
1716079507265,783,-1,-1,-1,-1
1716079507490,776,-1,-1,-1,-1
1716079507715,803,11,2010,-1,-1
1716079507941,778,12,1985,-1,-1
1716079508166,774,-1,-1,-1,-1
1716079508392,768,9,1048,-1,-1
1716079508617,735,12,1057,-1,-1
1716079508842,790,13,1071,9,1417
1716079509067,792,-1,-1,-1,-1
1716079509293,787,-1,-1,-1,-1
1716079509518,778,-1,-1,-1,-1
1716079509744,766,-1,-1,-1,-1
1716079509969,759,-1,-1,-1,-1
1716079510194,769,-1,-1,-1,-1
1716079510419,774,-1,-1,-1,-1
1716079510645,768,11,2030,-1,-1
1716079510870,771,-1,-1,-1,-1
1716079511096,772,-1,-1,-1,-1
1716079511321,768,-1,-1,-1,-1
1716079511546,759,-1,-1,-1,-1
1716079511772,791,-1,-1,-1,-1
1716079511997,794,13,1048,-1,-1
1716079512222,762,11,1517,-1,-1
1716079512448,777,-1,-1,-1,-1
1716079512673,805,14,1064,-1,-1
1716079512898,784,11,1520,-1,-1
1716079513124,790,-1,-1,-1,-1
1716079513349,762,13,1046,-1,-1
1716079513575,792,11,1016,-1,-1
1716079513800,745,14,1036,-1,-1
1716079514025,781,-1,-1,-1,-1
1716079514250,792,14,1065,-1,-1
1716079514476,776,-1,-1,-1,-1
1716079514701,799,12,1079,-1,-1
1716079514926,767,14,1039,-1,-1
1716079515152,785,13,1052,-1,-1
1716079515377,817,12,1072,-1,-1
1716079515602,773,-1,-1,-1,-1
1716079515828,784,16,1037,15,2683
1716079516053,801,-1,-1,-1,-1
1716079516278,780,14,1049,-1,-1
1716079516504,792,-1,-1,-1,-1
1716079516729,752,-1,-1,-1,-1
1716079516954,804,-1,-1,-1,-1
1716079517180,774,12,1052,-1,-1
1716079517405,774,-1,-1,-1,-1
1716079517630,793,12,1023,12,2748
1716079517856,772,11,1035,-1,-1
1716079518081,794,10,2454,-1,-1
1716079518306,776,11,262,-1,-1
1716079518531,799,-1,-1,-1,-1
1716079518757,809,14,1057,13,2730
1716079518982,785,13,1040,-1,-1
1716079519207,787,-1,-1,-1,-1
1716079519433,759,11,1040,-1,-1
1716079519658,784,12,1009,-1,-1
1716079519884,770,13,1042,-1,-1
1716079520109,804,10,1050,-1,-1
1716079520334,807,11,1043,-1,-1
1716079520559,781,12,1043,12,1522
1716079520785,783,13,1051,-1,-1
1716079521010,781,15,1017,-1,-1
1716079521235,757,20,1015,-1,-1
1716079521461,807,15,1025,-1,-1
1716079521686,810,16,1033,-1,-1
1716079521912,809,14,1036,-1,-1
1716079522137,798,13,1046,-1,-1
1716079522362,826,16,1029,10,1249
1716079522588,805,16,1036,-1,-1
1716079522813,776,15,1046,-1,-1
1716079523038,806,17,1014,-1,-1
1716079523263,788,18,1018,-1,-1
1716079523489,796,16,1021,-1,-1
1716079523714,815,14,1039,-1,-1
1716079523939,783,8,609,16,1025
1716079524165,788,15,1020,-1,-1
1716079524390,791,16,1014,-1,-1
1716079524615,792,16,1032,10,2172
1716079524841,785,17,1024,-1,-1
1716079525066,774,13,1005,-1,-1
1716079525291,825,16,1041,12,2269
1716079525517,789,18,1028,-1,-1
1716079525742,769,18,1027,-1,-1
1716079525968,753,20,1035,-1,-1
1716079526193,774,13,1139,-1,-1
1716079526418,769,-1,-1,-1,-1
1716079526644,767,-1,-1,-1,-1
1716079526869,809,-1,-1,-1,-1
1716079527094,784,-1,-1,-1,-1
1716079527320,783,-1,-1,-1,-1
1716079527545,802,-1,-1,-1,-1
1716079527770,771,-1,-1,-1,-1
1716079527996,781,-1,-1,-1,-1
1716079528221,766,13,2581,-1,-1
1716079528446,770,-1,-1,-1,-1
1716079528672,800,-1,-1,-1,-1
1716079528897,771,-1,-1,-1,-1
1716079529122,806,-1,-1,-1,-1
1716079529348,789,-1,-1,-1,-1
1716079529573,781,-1,-1,-1,-1
1716079529798,804,-1,-1,-1,-1
1716079530024,770,10,3003,-1,-1
1716079530249,775,-1,-1,-1,-1
1716079530474,785,-1,-1,-1,-1
1716079530700,802,-1,-1,-1,-1
1716079530925,777,12,2615,-1,-1
1716079531150,804,-1,-1,-1,-1
1716079531376,809,-1,-1,-1,-1
1716079531601,833,-1,-1,-1,-1
1716079531826,793,-1,-1,-1,-1
1716079532052,738,-1,-1,-1,-1
1716079532277,775,-1,-1,-1,-1
1716079532502,793,-1,-1,-1,-1
1716079532728,821,-1,-1,-1,-1
1716079532953,746,-1,-1,-1,-1
1716079533178,795,-1,-1,-1,-1
1716079533403,773,-1,-1,-1,-1
1716079533629,792,13,2052,-1,-1
1716079533854,791,12,2627,-1,-1
1716079534079,766,-1,-1,-1,-1
1716079534305,792,-1,-1,-1,-1
1716079534530,762,-1,-1,-1,-1
1716079534755,772,-1,-1,-1,-1
1716079534981,797,-1,-1,-1,-1
1716079535206,769,-1,-1,-1,-1
1716079535431,763,-1,-1,-1,-1
1716079535657,790,9,2498,-1,-1
1716079535882,755,13,2161,-1,-1
1716079536107,762,-1,-1,-1,-1
1716079536333,781,-1,-1,-1,-1
1716079536558,778,-1,-1,-1,-1
1716079536783,768,-1,-1,-1,-1
1716079537009,783,-1,-1,-1,-1
1716079537234,787,-1,-1,-1,-1
1716079537459,796,12,2671,-1,-1
1716079537685,782,-1,-1,-1,-1
1716079537910,793,-1,-1,-1,-1
1716079538135,761,-1,-1,-1,-1
1716079538361,762,11,2011,-1,-1
1716079538586,786,-1,-1,-1,-1
1716079538811,828,12,2729,-1,-1
1716079539037,770,-1,-1,-1,-1
1716079539262,778,-1,-1,-1,-1
1716079539487,767,-1,-1,-1,-1
1716079539713,827,-1,-1,-1,-1
1716079539938,779,-1,-1,-1,-1
1716079540163,774,-1,-1,-1,-1
1716079540389,778,-1,-1,-1,-1
1716079540614,800,-1,-1,-1,-1
1716079540839,760,-1,-1,-1,-1
1716079541065,769,13,2730,-1,-1
1716079541290,784,9,806,-1,-1
1716079541515,802,-1,-1,-1,-1
1716079541741,770,-1,-1,-1,-1
1716079541966,811,-1,-1,-1,-1
1716079542191,771,13,1744,-1,-1
1716079542417,802,-1,-1,-1,-1
1716079542642,783,-1,-1,-1,-1
1716079542867,772,-1,-1,-1,-1
1716079543093,769,-1,-1,-1,-1
1716079543318,755,-1,-1,-1,-1
1716079543543,790,-1,-1,-1,-1
1716079543769,760,-1,-1,-1,-1
1716079543994,774,-1,-1,-1,-1
1716079544219,801,12,2014,-1,-1
1716079544445,771,15,2030,-1,-1
1716079544670,817,15,2004,-1,-1
1716079544895,792,12,2013,-1,-1
1716079545121,835,-1,-1,-1,-1
1716079545346,775,-1,-1,-1,-1
1716079545571,815,-1,-1,-1,-1
1716079545796,817,10,1538,-1,-1
1716079546022,782,13,2004,6,4176
1716079546247,796,-1,-1,-1,-1
1716079546472,804,-1,-1,-1,-1
1716079546698,821,-1,-1,-1,-1
1716079546923,793,-1,-1,-1,-1
1716079547148,802,-1,-1,-1,-1
1716079547374,801,-1,-1,-1,-1
1716079547599,794,10,1680,-1,-1
1716079547824,835,-1,-1,-1,-1
1716079548050,779,-1,-1,-1,-1
1716079548275,777,-1,-1,-1,-1
1716079548500,784,-1,-1,-1,-1
1716079548726,786,11,2015,11,2859
1716079548951,792,-1,-1,-1,-1
1716079549176,772,-1,-1,-1,-1
1716079549402,792,-1,-1,-1,-1
1716079549627,790,-1,-1,-1,-1
1716079549852,790,11,2027,-1,-1
1716079550078,804,-1,-1,-1,-1
1716079550303,781,-1,-1,-1,-1
1716079550528,780,-1,-1,-1,-1
1716079550754,809,-1,-1,-1,-1
1716079550979,784,-1,-1,-1,-1
1716079551205,790,-1,-1,-1,-1
1716079551430,806,9,2068,12,2860
1716079551655,770,-1,-1,-1,-1
1716079551880,830,-1,-1,-1,-1
1716079552106,784,-1,-1,-1,-1
1716079552331,784,-1,-1,-1,-1
1716079552557,812,-1,-1,-1,-1
1716079552782,802,12,2018,13,2693
1716079553007,786,12,2021,-1,-1
1716079553232,764,10,1286,11,2031
1716079553458,790,15,2020,-1,-1
1716079553683,762,-1,-1,-1,-1
1716079553908,779,-1,-1,-1,-1
1716079554134,830,15,2026,13,2784
1716079554359,780,10,1139,-1,-1
1716079554585,782,14,2026,-1,-1
1716079554810,829,-1,-1,-1,-1
1716079555035,792,13,2008,-1,-1
1716079555261,792,13,2041,-1,-1
1716079555486,759,15,2036,-1,-1
1716079555711,816,12,2015,-1,-1
1716079555937,799,14,2016,-1,-1
1716079556162,801,14,2018,-1,-1
1716079556387,786,-1,-1,-1,-1
1716079556612,790,14,2006,-1,-1
1716079556838,794,14,1998,-1,-1
1716079557063,755,13,2009,-1,-1
1716079557289,826,12,2013,-1,-1
1716079557514,824,16,2004,-1,-1
1716079557739,778,13,2010,-1,-1
1716079557964,795,15,2012,-1,-1
1716079558190,797,13,2008,11,2331
1716079558415,772,14,2029,-1,-1
1716079558640,827,13,2010,-1,-1
1716079558866,810,14,2042,-1,-1
1716079559091,778,-1,-1,-1,-1
1716079559317,804,15,2022,-1,-1
1716079559542,800,16,2004,-1,-1
1716079559767,794,9,1565,16,2024
1716079559992,790,14,1999,-1,-1
1716079560218,786,14,2014,-1,-1
1716079560443,773,16,2000,-1,-1
1716079560668,788,13,2017,-1,-1
1716079560894,801,13,2011,-1,-1
1716079561119,807,14,2016,-1,-1
1716079561345,788,15,2001,-1,-1
1716079561570,776,15,2009,-1,-1
1716079561795,789,9,1345,-1,-1
1716079562020,794,12,2002,-1,-1
1716079562246,821,14,2019,-1,-1
1716079562471,807,15,2008,-1,-1
1716079562697,788,16,2013,-1,-1
1716079562922,792,10,2013,-1,-1
1716079563147,823,-1,-1,-1,-1
1716079563372,791,12,2028,-1,-1
1716079563598,808,15,1999,-1,-1
1716079563823,812,12,2027,-1,-1
1716079564048,789,13,2008,-1,-1
1716079564274,807,16,2017,-1,-1
1716079564499,791,12,2010,-1,-1
1716079564724,783,-1,-1,-1,-1
1716079564950,783,15,2008,-1,-1
1716079565175,801,16,2007,-1,-1
1716079565400,784,20,2003,-1,-1
1716079565625,821,16,1993,-1,-1
1716079565851,797,15,1995,-1,-1
1716079566076,778,19,2006,-1,-1
1716079566301,796,17,2005,-1,-1
1716079566526,807,15,2011,-1,-1
1716079566752,818,10,1998,-1,-1
1716079566977,789,14,2013,-1,-1
1716079567202,811,19,1994,15,2850
1716079567428,809,15,2011,-1,-1
1716079567653,800,16,2012,-1,-1
1716079567878,761,15,2002,-1,-1
1716079568104,777,19,1991,-1,-1
1716079568329,775,12,1062,22,1988
1716079568554,801,16,2017,-1,-1
1716079568779,770,16,2005,-1,-1
1716079569005,775,16,2014,-1,-1
1716079569230,816,14,2014,-1,-1
1716079569455,808,8,698,14,2000
1716079569681,817,17,2003,-1,-1
1716079569906,762,15,2018,-1,-1
1716079570131,763,14,2015,-1,-1
1716079570356,800,16,2010,-1,-1
1716079570582,823,15,1992,-1,-1
1716079570807,784,14,1998,12,2328
1716079571032,768,16,2007,13,2777
1716079571258,767,18,2005,-1,-1
1716079571483,802,10,1361,14,2011
1716079571708,799,-1,-1,-1,-1
1716079571934,796,-1,-1,-1,-1
1716079572159,790,15,2011,-1,-1
1716079572384,803,13,1987,-1,-1
1716079572610,775,12,1986,-1,-1
1716079572835,817,8,617,16,2012
1716079573060,766,19,2005,-1,-1
1716079573285,792,17,1991,-1,-1
1716079573511,813,16,2008,-1,-1
1716079573736,801,15,2016,-1,-1
1716079573961,808,15,2005,-1,-1
1716079574186,828,16,1997,12,2616
1716079574412,765,17,1997,-1,-1
1716079574637,768,18,2009,-1,-1
1716079574862,804,19,2001,-1,-1
1716079575088,783,18,2017,-1,-1
1716079575313,771,11,1703,21,2007
1716079575538,810,20,1997,-1,-1
1716079575764,844,18,2008,-1,-1
1716079575989,786,21,2010,-1,-1
1716079576214,787,22,1993,-1,-1
1716079576440,790,19,1993,-1,-1
1716079576665,758,23,1987,-1,-1
1716079576890,806,17,1995,-1,-1
1716079577116,793,18,1984,-1,-1
1716079577341,766,19,1972,-1,-1
1716079577566,776,19,1976,-1,-1
1716079577791,792,14,1971,-1,-1
1716079578017,809,19,1977,-1,-1
1716079578242,762,14,1983,-1,-1
1716079578467,808,17,1977,-1,-1
1716079578693,803,18,1990,-1,-1
1716079578918,780,21,1990,-1,-1
1716079579143,797,16,1989,-1,-1
1716079579369,821,16,1985,-1,-1
1716079579594,808,13,1983,-1,-1
1716079579819,808,19,1988,-1,-1
1716079580044,824,18,1978,-1,-1
1716079580270,797,16,1975,-1,-1
1716079580495,784,18,1996,-1,-1
1716079580720,802,16,1976,-1,-1
1716079580946,809,17,1974,-1,-1
1716079581171,774,19,1984,-1,-1
1716079581396,799,19,1983,-1,-1
1716079581621,766,23,1983,-1,-1
1716079581847,775,22,2000,-1,-1
1716079582072,789,16,1985,-1,-1
1716079582297,766,14,1980,-1,-1
1716079582523,813,14,2015,-1,-1
1716079582748,812,16,1992,-1,-1
1716079582973,801,15,2002,-1,-1
1716079583198,811,9,1545,17,2004
1716079583424,789,19,2013,-1,-1
1716079583649,748,17,2007,-1,-1
1716079583874,829,18,1990,-1,-1
1716079584100,778,18,2011,-1,-1
1716079584325,778,15,2025,-1,-1
1716079584550,802,16,1999,-1,-1
1716079584775,780,19,2015,-1,-1
1716079585001,801,14,2014,-1,-1
1716079585226,785,15,1998,-1,-1
1716079585451,752,22,1990,14,2210
1716079585676,808,15,2000,12,2506
1716079585902,756,19,2006,16,2475
1716079586127,787,18,2015,-1,-1
1716079586352,820,12,2008,-1,-1
1716079586578,796,15,2012,-1,-1
1716079586803,808,16,2014,-1,-1
1716079587028,810,16,2017,-1,-1
1716079587254,768,15,2007,-1,-1
1716079587479,768,17,1998,-1,-1
1716079587704,790,17,2009,12,2442
1716079587929,788,17,2016,-1,-1
1716079588155,802,17,2008,-1,-1
1716079588380,793,17,2003,-1,-1
1716079588605,806,13,2024,-1,-1
1716079588830,771,17,2005,-1,-1
1716079589056,786,15,2038,-1,-1
1716079589281,806,18,2023,-1,-1
1716079589506,789,16,2017,-1,-1
1716079589732,803,13,2013,-1,-1
1716079589957,809,10,1656,16,2022
1716079590182,828,-1,-1,-1,-1
1716079590407,780,15,2018,-1,-1
1716079590632,794,-1,-1,-1,-1
1716079590858,785,14,2023,-1,-1
1716079591083,777,16,2019,-1,-1
1716079591308,791,16,2038,-1,-1
1716079591534,810,14,2030,-1,-1
1716079591759,800,15,2044,-1,-1
1716079591984,792,13,2034,-1,-1
1716079592210,779,15,2038,-1,-1
1716079592435,800,19,2040,12,2612
1716079592660,829,-1,-1,-1,-1
1716079592886,825,9,2014,-1,-1
1716079593111,829,14,2021,-1,-1
1716079593336,808,13,2021,-1,-1
1716079593561,805,15,2014,-1,-1
1716079593787,757,15,2033,-1,-1
1716079594012,797,13,2015,-1,-1
1716079594237,823,10,2017,-1,-1
1716079594462,789,15,2032,-1,-1
1716079594688,794,-1,-1,-1,-1
1716079594913,813,-1,-1,-1,-1
1716079595138,774,11,1340,9,1588
1716079595364,809,16,2020,-1,-1
1716079595589,816,-1,-1,-1,-1
1716079595814,823,14,2017,-1,-1
1716079596039,811,15,2010,-1,-1
1716079596265,803,13,2009,-1,-1
1716079596490,786,17,2028,-1,-1
1716079596715,797,14,2028,-1,-1
1716079596940,786,17,2039,-1,-1
1716079597166,765,14,2021,-1,-1
1716079597391,765,19,2030,-1,-1
1716079597616,787,8,1628,12,2010
1716079597842,811,18,2012,-1,-1
1716079598067,781,15,2017,-1,-1
1716079598292,842,12,2011,-1,-1
1716079598518,785,15,2007,-1,-1
1716079598743,784,16,2005,13,2551
1716079598968,782,-1,-1,-1,-1
1716079599193,781,13,2022,-1,-1
1716079599419,791,17,2034,-1,-1
1716079599644,792,15,2020,-1,-1
1716079599869,804,19,2025,-1,-1
1716079600094,771,16,2018,-1,-1
1716079600319,799,14,2020,-1,-1
1716079600545,794,16,2008,-1,-1
1716079600770,793,16,2018,-1,-1
1716079600995,792,16,2004,-1,-1
1716079601221,802,17,2020,-1,-1
1716079601446,787,15,2013,-1,-1
1716079601671,822,17,2017,-1,-1
1716079601896,804,16,2011,13,2713
1716079602121,808,14,2018,-1,-1
1716079602347,788,11,2033,-1,-1
1716079602572,800,18,2018,-1,-1
1716079602797,785,18,2004,14,2900
1716079603023,804,19,2022,-1,-1
1716079603248,776,17,2008,9,2943
1716079603473,759,17,2017,-1,-1
1716079603698,782,20,2026,-1,-1
1716079603924,781,18,2020,-1,-1
1716079604149,774,15,2023,13,2626
1716079604374,820,16,2022,-1,-1
1716079604599,778,18,2024,-1,-1
1716079604825,812,18,2013,-1,-1
1716079605050,826,-1,-1,-1,-1
1716079605275,779,17,2026,-1,-1
1716079605501,825,12,2021,-1,-1
1716079605726,816,15,2018,-1,-1
1716079605951,815,14,2021,-1,-1
1716079606176,805,20,2046,-1,-1
1716079606402,765,13,2573,-1,-1
1716079606627,799,-1,-1,-1,-1
1716079606852,802,10,1308,-1,-1
1716079607078,810,12,2729,-1,-1
1716079607303,805,-1,-1,-1,-1
1716079607528,830,-1,-1,-1,-1
1716079607754,813,-1,-1,-1,-1
1716079607979,813,-1,-1,-1,-1
1716079608204,814,-1,-1,-1,-1
1716079608429,796,-1,-1,-1,-1
1716079608655,835,-1,-1,-1,-1
1716079608880,803,-1,-1,-1,-1
1716079609105,783,-1,-1,-1,-1
1716079609330,809,-1,-1,-1,-1
1716079609556,778,-1,-1,-1,-1
1716079609781,798,-1,-1,-1,-1
1716079610006,768,-1,-1,-1,-1
1716079610231,810,-1,-1,-1,-1
1716079610457,800,-1,-1,-1,-1
1716079610682,802,-1,-1,-1,-1
1716079610907,822,-1,-1,-1,-1
1716079611133,816,-1,-1,-1,-1
1716079611358,803,-1,-1,-1,-1
1716079611583,808,-1,-1,-1,-1
1716079611808,821,-1,-1,-1,-1
1716079612034,822,-1,-1,-1,-1
1716079612259,791,-1,-1,-1,-1
1716079612484,793,-1,-1,-1,-1
1716079612709,808,-1,-1,-1,-1
1716079612934,763,-1,-1,-1,-1
1716079613160,790,-1,-1,-1,-1
1716079613385,801,21,2013,-1,-1
1716079613610,792,18,2417,-1,-1
1716079613835,798,16,2211,-1,-1
1716079614060,763,-1,-1,-1,-1
1716079614286,829,-1,-1,-1,-1
1716079614511,786,9,1175,-1,-1
1716079614736,797,-1,-1,-1,-1
1716079614961,791,-1,-1,-1,-1
1716079615187,782,-1,-1,-1,-1
1716079615412,792,-1,-1,-1,-1
1716079615637,786,-1,-1,-1,-1
1716079615862,786,-1,-1,-1,-1
1716079616088,806,-1,-1,-1,-1
1716079616313,791,-1,-1,-1,-1
1716079616538,801,-1,-1,-1,-1
1716079616763,790,-1,-1,-1,-1
1716079616988,791,-1,-1,-1,-1
1716079617214,782,-1,-1,-1,-1
1716079617439,803,-1,-1,-1,-1
1716079617664,827,-1,-1,-1,-1
1716079617889,806,-1,-1,-1,-1
1716079618114,813,-1,-1,-1,-1
1716079618340,837,-1,-1,-1,-1
1716079618565,799,-1,-1,-1,-1
1716079618790,807,-1,-1,-1,-1
1716079619015,826,-1,-1,-1,-1
1716079619241,823,-1,-1,-1,-1
1716079619466,834,-1,-1,-1,-1
1716079619691,815,-1,-1,-1,-1
1716079619916,813,-1,-1,-1,-1
1716079620141,837,-1,-1,-1,-1
1716079620367,787,-1,-1,-1,-1
1716079620592,799,-1,-1,-1,-1
1716079620817,824,-1,-1,-1,-1
1716079621042,785,-1,-1,-1,-1
1716079621268,776,-1,-1,-1,-1
1716079621493,797,-1,-1,-1,-1
1716079621718,797,-1,-1,-1,-1
1716079621943,794,-1,-1,-1,-1
1716079622169,769,12,2963,-1,-1
1716079622394,776,-1,-1,-1,-1
1716079622619,807,15,2972,-1,-1
1716079622844,782,-1,-1,-1,-1
1716079623070,783,12,2946,-1,-1
1716079623295,795,12,2945,-1,-1
1716079623520,800,-1,-1,-1,-1
1716079623745,800,10,2991,-1,-1
1716079623971,803,13,2986,-1,-1
1716079624196,793,-1,-1,-1,-1
1716079624421,822,-1,-1,-1,-1
1716079624646,803,12,2973,-1,-1
1716079624872,759,14,2949,-1,-1
1716079625097,813,-1,-1,-1,-1
1716079625322,796,13,2961,-1,-1
1716079625547,780,-1,-1,-1,-1
1716079625773,800,13,2962,-1,-1
1716079625998,815,12,2463,-1,-1
1716079626223,807,12,2968,-1,-1
1716079626449,804,13,2975,-1,-1
1716079626674,813,-1,-1,-1,-1
1716079626899,800,13,2986,-1,-1
1716079627124,827,-1,-1,-1,-1
1716079627350,802,12,2981,-1,-1
1716079627575,772,12,2687,13,2959
1716079627800,806,12,2992,-1,-1
1716079628026,812,-1,-1,-1,-1
1716079628251,786,11,2982,-1,-1
1716079628476,799,10,1186,10,1650
1716079628701,803,-1,-1,-1,-1
1716079628927,809,-1,-1,-1,-1
1716079629152,763,-1,-1,-1,-1
1716079629377,801,-1,-1,-1,-1
1716079629602,789,12,2984,-1,-1
1716079629828,814,10,1286,13,2957
1716079630053,817,-1,-1,-1,-1
1716079630278,786,-1,-1,-1,-1
1716079630503,808,13,2972,-1,-1
1716079630729,794,-1,-1,-1,-1
1716079630954,781,16,2963,-1,-1
1716079631179,790,12,2958,-1,-1
1716079631404,804,9,1179,13,2961
1716079631630,806,11,2946,-1,-1
1716079631855,777,-1,-1,-1,-1
1716079632080,767,12,2954,-1,-1
1716079632305,822,13,2967,-1,-1
1716079632531,790,11,2959,-1,-1
1716079632756,765,-1,-1,-1,-1
1716079632981,782,16,2624,17,2947
1716079633206,808,12,2715,12,2960
1716079633432,785,17,2960,-1,-1
1716079633657,809,10,1979,15,2947
1716079633882,791,13,2957,-1,-1
1716079634107,771,-1,-1,-1,-1
1716079634333,776,14,2953,-1,-1
1716079634558,810,13,2945,-1,-1
1716079634783,790,14,2955,-1,-1
1716079635008,766,15,2953,-1,-1
1716079635233,840,14,2960,-1,-1
1716079635459,792,10,2052,14,2969
1716079635684,810,-1,-1,-1,-1
1716079635909,790,-1,-1,-1,-1
1716079636134,826,15,2958,-1,-1
1716079636360,801,13,2959,-1,-1
1716079636585,818,-1,-1,-1,-1
1716079636810,799,14,2954,-1,-1
1716079637036,810,14,2963,-1,-1
1716079637261,774,15,2959,-1,-1
1716079637486,815,14,2956,-1,-1
1716079637711,778,12,2944,-1,-1
1716079637936,823,13,2954,-1,-1
1716079638161,808,10,1942,17,2941
1716079638387,773,14,2936,-1,-1
1716079638612,800,15,2947,-1,-1
1716079638837,765,11,2942,-1,-1
1716079639063,803,17,2960,-1,-1
1716079639288,796,16,2962,-1,-1
1716079639513,798,17,2959,-1,-1
1716079639738,813,12,2963,-1,-1
1716079639964,832,16,2960,-1,-1
1716079640189,785,9,1513,13,2967
1716079640414,806,-1,-1,-1,-1
1716079640639,792,-1,-1,-1,-1
1716079640865,788,14,2933,-1,-1
1716079641090,825,14,2955,-1,-1
1716079641315,802,16,2944,-1,-1
1716079641540,809,13,2952,-1,-1
1716079641766,785,16,2950,-1,-1
1716079641991,778,-1,-1,-1,-1
1716079642216,785,17,2963,-1,-1
1716079642441,779,10,2945,-1,-1
1716079642667,836,15,2936,-1,-1
1716079642892,787,15,2946,-1,-1
1716079643117,804,15,2951,-1,-1
1716079643342,793,16,2945,-1,-1
1716079643568,790,17,2946,-1,-1
1716079643793,847,12,2936,-1,-1
1716079644018,787,14,2958,-1,-1
1716079644243,804,12,2955,-1,-1
1716079644469,800,16,2960,-1,-1
1716079644694,781,15,2941,-1,-1
1716079644919,793,12,2740,15,2957
1716079645144,803,14,2963,-1,-1
1716079645370,801,17,2608,20,2947
1716079645595,803,15,2933,-1,-1
1716079645820,793,15,2944,-1,-1
1716079646045,779,14,2970,-1,-1
1716079646271,790,14,2973,-1,-1
1716079646496,819,10,2931,-1,-1
1716079646721,786,17,2958,-1,-1
1716079646947,786,14,2947,-1,-1
1716079647172,802,-1,-1,-1,-1
1716079647397,810,-1,-1,-1,-1
1716079647622,778,11,1521,15,2947
1716079647847,826,13,2942,-1,-1
1716079648073,855,11,2960,-1,-1
1716079648298,815,16,2961,-1,-1
1716079648523,800,12,2940,-1,-1
1716079648749,800,9,2179,-1,-1
1716079648974,797,16,2968,-1,-1
1716079649199,794,13,2943,-1,-1
1716079649425,810,12,2957,-1,-1
1716079649650,811,15,2949,-1,-1
1716079649875,816,16,2956,-1,-1
1716079650100,837,16,2971,-1,-1
1716079650326,772,16,2951,-1,-1
1716079650551,796,-1,-1,-1,-1
1716079650776,812,-1,-1,-1,-1
1716079651001,798,16,2949,-1,-1
1716079651227,805,17,2951,-1,-1
1716079651452,773,19,2930,-1,-1
1716079651677,788,35,2937,-1,-1
1716079651902,796,63,2956,-1,-1
1716079652128,818,68,2957,-1,-1
1716079652353,795,11,2386,70,2958
1716079652578,779,73,2960,-1,-1
1716079652803,811,75,2958,-1,-1
1716079653029,796,73,2961,-1,-1
1716079653254,826,73,2958,-1,-1
1716079653479,758,11,1416,74,2958
1716079653704,805,62,2960,-1,-1
1716079653930,814,69,2957,-1,-1
1716079654155,803,69,2955,-1,-1
1716079654380,808,48,2938,-1,-1
1716079654606,800,20,2937,-1,-1
1716079654831,811,18,2937,-1,-1
1716079655056,774,14,2573,-1,-1
1716079655281,780,-1,-1,-1,-1
1716079655507,800,-1,-1,-1,-1
1716079655732,793,-1,-1,-1,-1
1716079655957,783,-1,-1,-1,-1
1716079656182,798,-1,-1,-1,-1
1716079656408,843,-1,-1,-1,-1
1716079656633,789,16,2962,-1,-1
1716079656858,798,14,2930,-1,-1
1716079657084,798,12,1713,-1,-1
1716079657309,812,-1,-1,-1,-1
1716079657534,782,-1,-1,-1,-1
1716079657759,816,16,2968,-1,-1
1716079657985,848,-1,-1,-1,-1
1716079658210,801,12,2244,-1,-1
1716079658435,808,13,2984,-1,-1
1716079658660,812,16,2972,-1,-1
1716079658886,803,-1,-1,-1,-1
1716079659111,813,-1,-1,-1,-1
1716079659336,802,15,3000,-1,-1
1716079659561,778,-1,-1,-1,-1
1716079659787,805,17,2965,-1,-1
1716079660012,764,-1,-1,-1,-1
1716079660237,778,14,2982,-1,-1
1716079660463,805,13,2990,-1,-1
1716079660688,796,14,2988,-1,-1
1716079660913,801,14,2957,-1,-1
1716079661138,762,-1,-1,-1,-1
1716079661364,783,16,2969,-1,-1
1716079661589,773,-1,-1,-1,-1
1716079661814,812,-1,-1,-1,-1
1716079662039,768,15,2981,-1,-1
1716079662265,799,-1,-1,-1,-1
1716079662490,773,15,2977,-1,-1
1716079662715,808,-1,-1,-1,-1
1716079662940,788,13,2983,-1,-1
1716079663166,809,-1,-1,-1,-1
1716079663391,813,-1,-1,-1,-1
1716079663616,760,14,2974,-1,-1
1716079663842,772,-1,-1,-1,-1
1716079664067,786,-1,-1,-1,-1
1716079664292,823,-1,-1,-1,-1
1716079664517,787,14,2968,-1,-1
1716079664743,778,14,2971,-1,-1
1716079664968,809,13,2984,-1,-1
1716079665193,799,13,2969,-1,-1
1716079665418,823,16,2965,-1,-1
1716079665644,814,-1,-1,-1,-1
1716079665869,795,13,2964,-1,-1
1716079666094,811,12,2517,15,2946
1716079666319,811,12,2985,-1,-1
1716079666545,787,16,2961,-1,-1
1716079666770,776,16,2963,-1,-1
1716079666995,826,10,1753,15,2980
1716079667220,824,18,2966,-1,-1
1716079667446,777,15,2960,-1,-1
1716079667671,789,15,2951,-1,-1
1716079667896,784,16,2958,-1,-1
1716079668121,792,-1,-1,-1,-1
1716079668347,790,12,2556,15,2965
1716079668572,830,16,2958,-1,-1
1716079668797,812,12,2651,-1,-1
1716079669022,775,15,2946,-1,-1
1716079669248,786,17,2949,-1,-1
1716079669473,804,-1,-1,-1,-1
1716079669698,770,18,2965,-1,-1
1716079669923,784,17,2966,-1,-1
1716079670148,792,14,2960,-1,-1
1716079670374,803,18,2949,-1,-1
1716079670599,779,17,2958,-1,-1
1716079670824,796,13,2966,-1,-1
1716079671049,793,15,2964,-1,-1
1716079671275,778,17,2952,-1,-1
1716079671500,813,16,2970,-1,-1
1716079671725,813,-1,-1,-1,-1
1716079671950,826,14,2971,-1,-1
1716079672175,801,11,2985,-1,-1
1716079672401,822,15,2957,-1,-1
1716079672626,758,16,2969,-1,-1
1716079672851,758,16,2941,-1,-1
1716079673076,784,17,2956,-1,-1
1716079673302,806,16,2957,-1,-1
1716079673527,763,17,2972,-1,-1
1716079673752,806,12,2958,-1,-1
1716079673977,796,8,1480,15,2972
1716079674203,803,18,2963,-1,-1
1716079674428,820,17,2972,-1,-1
1716079674653,779,17,2945,-1,-1
1716079674878,798,18,2955,-1,-1
1716079675103,815,11,2947,-1,-1
1716079675329,812,14,2934,-1,-1
1716079675554,787,-1,-1,-1,-1
1716079675779,797,14,2953,-1,-1
1716079676004,770,17,2952,-1,-1
1716079676230,836,16,2963,-1,-1
1716079676455,776,15,2956,-1,-1
1716079676680,799,15,2962,-1,-1
1716079676905,794,-1,-1,-1,-1
1716079677131,806,14,2969,-1,-1
1716079677356,777,15,2970,-1,-1
1716079677581,774,18,2973,-1,-1
1716079677807,780,17,2980,-1,-1
1716079678032,776,15,2955,-1,-1
1716079678257,801,13,2980,-1,-1
1716079678482,780,15,2958,-1,-1
1716079678708,804,18,2964,-1,-1
1716079678933,815,17,2967,-1,-1
1716079679158,794,17,2968,-1,-1
1716079679383,807,15,2966,-1,-1
1716079679609,826,-1,-1,-1,-1
1716079679834,803,18,2963,-1,-1
1716079680059,808,13,2950,-1,-1
1716079680284,801,16,2951,-1,-1
1716079680510,803,11,2533,16,2936
1716079680735,805,18,2965,-1,-1
1716079680960,816,15,2967,-1,-1
1716079681185,802,18,2955,-1,-1
1716079681411,773,17,2964,-1,-1
1716079681636,831,-1,-1,-1,-1
1716079681861,796,19,2962,-1,-1
1716079682086,815,17,2939,-1,-1
1716079682312,821,18,2944,-1,-1
1716079682537,806,17,2965,-1,-1
1716079682762,791,15,2952,-1,-1
1716079682987,793,16,2945,-1,-1
1716079683213,804,20,2967,-1,-1
1716079683438,803,17,2951,-1,-1
1716079683663,805,21,2969,-1,-1
1716079683888,830,20,2950,-1,-1
1716079684114,815,17,2962,-1,-1
1716079684339,822,-1,-1,-1,-1
1716079684564,824,14,2946,-1,-1
1716079684789,794,18,2957,-1,-1
1716079685014,804,19,2954,-1,-1
1716079685240,811,17,2957,-1,-1
1716079685465,793,19,2951,-1,-1
1716079685690,814,21,2968,-1,-1
1716079685915,781,17,2943,-1,-1
1716079686141,834,11,2680,16,2965
1716079686366,807,19,2945,-1,-1
1716079686591,788,10,1985,19,2958
1716079686816,824,10,1760,19,2957
1716079687042,800,17,2956,-1,-1
1716079687267,807,22,2951,-1,-1
1716079687492,815,17,2944,-1,-1
1716079687718,790,16,2942,-1,-1
1716079687943,806,16,2954,-1,-1
1716079688168,807,13,2687,18,2945
1716079688393,792,19,2952,-1,-1
1716079688619,794,17,2949,-1,-1
1716079688844,814,21,2948,-1,-1
1716079689069,776,19,2950,-1,-1
1716079689294,774,18,2946,-1,-1
1716079689520,801,17,2954,-1,-1
1716079689745,787,21,2956,-1,-1
1716079689970,771,18,2956,-1,-1
1716079690195,818,18,2938,-1,-1
1716079690421,789,10,333,26,2961
1716079690646,802,19,2952,-1,-1
1716079690871,828,-1,-1,-1,-1
1716079691096,823,-1,-1,-1,-1
1716079691322,834,-1,-1,-1,-1
1716079691547,799,-1,-1,-1,-1
1716079691772,780,-1,-1,-1,-1
1716079691997,809,-1,-1,-1,-1
1716079692223,807,-1,-1,-1,-1
1716079692448,805,-1,-1,-1,-1
1716079692673,801,-1,-1,-1,-1
1716079692898,800,-1,-1,-1,-1
1716079693124,801,-1,-1,-1,-1
1716079693349,796,-1,-1,-1,-1
1716079693574,817,-1,-1,-1,-1
1716079693800,761,-1,-1,-1,-1
1716079694025,834,-1,-1,-1,-1
1716079694250,793,-1,-1,-1,-1
1716079694475,814,-1,-1,-1,-1
1716079694701,820,12,2610,-1,-1
1716079694926,828,-1,-1,-1,-1
1716079695151,776,-1,-1,-1,-1
1716079695376,771,-1,-1,-1,-1
1716079695602,797,-1,-1,-1,-1
1716079695827,796,-1,-1,-1,-1
1716079696052,802,-1,-1,-1,-1
1716079696277,793,-1,-1,-1,-1
1716079696503,831,-1,-1,-1,-1
1716079696728,805,-1,-1,-1,-1
1716079696953,781,-1,-1,-1,-1
1716079697178,801,-1,-1,-1,-1
1716079697404,765,-1,-1,-1,-1
1716079697629,824,-1,-1,-1,-1
1716079697854,820,-1,-1,-1,-1
1716079698079,806,-1,-1,-1,-1
1716079698305,791,-1,-1,-1,-1
1716079698530,805,-1,-1,-1,-1
1716079698755,793,-1,-1,-1,-1
1716079698980,780,-1,-1,-1,-1
1716079699206,816,-1,-1,-1,-1
1716079699431,794,14,2685,-1,-1
1716079699656,810,10,2224,-1,-1
1716079699881,816,-1,-1,-1,-1
1716079700107,794,-1,-1,-1,-1
1716079700332,796,11,2587,-1,-1
1716079700557,798,-1,-1,-1,-1
1716079700782,821,12,1943,-1,-1
1716079701007,791,-1,-1,-1,-1
1716079701233,798,-1,-1,-1,-1
1716079701458,814,-1,-1,-1,-1
1716079701683,798,-1,-1,-1,-1
1716079701908,842,-1,-1,-1,-1
1716079702134,808,-1,-1,-1,-1
1716079702359,794,-1,-1,-1,-1
1716079702584,839,-1,-1,-1,-1
1716079702809,837,-1,-1,-1,-1
1716079703035,808,-1,-1,-1,-1
1716079703260,795,-1,-1,-1,-1
1716079703485,799,-1,-1,-1,-1
1716079703710,822,-1,-1,-1,-1
1716079703936,813,-1,-1,-1,-1
1716079704161,795,-1,-1,-1,-1
1716079704386,791,11,2323,-1,-1
1716079704611,831,-1,-1,-1,-1
1716079704837,844,-1,-1,-1,-1
1716079705062,826,10,1994,-1,-1
1716079705287,833,-1,-1,-1,-1
1716079705512,792,-1,-1,-1,-1
1716079705738,798,-1,-1,-1,-1
1716079705963,790,-1,-1,-1,-1
1716079706188,813,-1,-1,-1,-1
1716079706413,783,-1,-1,-1,-1
1716079706639,811,-1,-1,-1,-1
1716079706864,780,-1,-1,-1,-1
1716079707089,785,10,1596,-1,-1
1716079707315,789,6,3923,-1,-1
1716079707540,787,12,3932,-1,-1
1716079707765,796,23,3935,-1,-1
1716079707990,764,27,3945,-1,-1
1716079708216,815,24,3963,-1,-1
1716079708441,803,15,3960,-1,-1
1716079708666,795,26,3970,-1,-1
1716079708892,778,26,3973,-1,-1
1716079709117,797,26,3978,-1,-1
1716079709342,804,29,3983,-1,-1
1716079709567,822,31,3978,-1,-1
1716079709793,771,27,3975,-1,-1
1716079710018,814,30,3972,-1,-1
1716079710243,785,29,3967,-1,-1
1716079710468,786,15,2733,14,2946
1716079710694,833,13,3973,-1,-1
1716079710919,803,10,3969,-1,-1
1716079711144,799,10,3940,-1,-1
1716079711369,838,8,3956,-1,-1
1716079711595,828,-1,-1,-1,-1
1716079711820,790,7,3954,-1,-1
1716079712045,803,8,3973,-1,-1
1716079712270,849,8,3977,-1,-1
1716079712496,815,9,3969,-1,-1
1716079712721,807,9,1986,11,3974
1716079712946,816,7,3956,-1,-1
1716079713171,789,-1,-1,-1,-1
1716079713397,793,10,3959,-1,-1
1716079713622,782,16,2568,12,3974
1716079713847,777,9,3956,-1,-1
1716079714072,802,8,3959,-1,-1
1716079714298,781,-1,-1,-1,-1
1716079714523,814,6,782,10,3940
1716079714748,802,10,3953,-1,-1
1716079714973,833,6,3930,-1,-1
1716079715199,801,11,3934,-1,-1
1716079715424,817,-1,-1,-1,-1
1716079715649,815,-1,-1,-1,-1
1716079715874,813,9,3937,-1,-1
1716079716100,821,6,3961,-1,-1
1716079716325,790,10,478,-1,-1
1716079716550,780,8,3972,-1,-1
1716079716775,797,-1,-1,-1,-1
1716079717001,831,10,2169,-1,-1
1716079717226,779,8,3949,-1,-1
1716079717451,803,10,3960,-1,-1
1716079717676,819,10,1174,8,3965
1716079717902,833,-1,-1,-1,-1
1716079718127,791,9,3969,-1,-1
1716079718352,830,10,3966,-1,-1
1716079718577,791,11,3949,-1,-1
1716079718803,816,6,3939,-1,-1
1716079719028,809,9,3941,-1,-1
1716079719253,780,8,3968,-1,-1
1716079719478,817,11,3945,-1,-1
1716079719704,831,11,3943,-1,-1
1716079719929,807,14,3961,-1,-1
1716079720154,801,10,3954,-1,-1
1716079720379,799,14,3955,-1,-1
1716079720605,798,12,3951,-1,-1
1716079720830,786,11,3949,-1,-1
1716079721055,816,13,2504,11,3946
1716079721280,816,8,3960,-1,-1
1716079721506,813,11,1536,-1,-1
1716079721731,788,-1,-1,-1,-1
1716079721956,797,9,1145,13,3943
1716079722181,816,13,3966,-1,-1
1716079722406,792,9,3956,-1,-1
1716079722632,833,9,3964,-1,-1
1716079722857,812,13,3964,-1,-1
1716079723082,786,12,3945,-1,-1
1716079723307,799,13,3959,-1,-1
1716079723533,786,13,3956,-1,-1
1716079723758,803,11,3957,-1,-1
1716079723983,802,12,3945,-1,-1
1716079724208,803,11,3951,-1,-1
1716079724433,823,11,3949,-1,-1
1716079724659,832,8,3952,-1,-1
1716079724884,785,13,2495,9,3960
1716079725109,829,8,3956,-1,-1
1716079725334,809,10,3947,-1,-1
1716079725560,837,11,3953,-1,-1
1716079725785,802,7,3945,-1,-1
1716079726010,827,9,3960,-1,-1
1716079726235,793,16,3969,-1,-1
1716079726461,786,10,1032,11,4008
1716079726686,799,-1,-1,-1,-1
1716079726911,779,10,1998,-1,-1
1716079727136,786,13,2521,-1,-1
1716079727361,807,-1,-1,-1,-1
1716079727587,794,-1,-1,-1,-1
1716079727812,835,-1,-1,-1,-1
1716079728037,812,-1,-1,-1,-1
1716079728262,799,-1,-1,-1,-1
1716079728488,788,-1,-1,-1,-1
1716079728713,822,-1,-1,-1,-1
1716079728938,798,-1,-1,-1,-1
1716079729163,827,-1,-1,-1,-1
1716079729389,808,-1,-1,-1,-1
1716079729614,826,-1,-1,-1,-1
1716079729839,813,-1,-1,-1,-1
1716079730064,821,11,1404,10,2941
1716079730290,815,-1,-1,-1,-1
1716079730515,808,-1,-1,-1,-1
1716079730740,824,-1,-1,-1,-1
1716079730965,787,-1,-1,-1,-1
1716079731190,787,-1,-1,-1,-1
1716079731416,809,-1,-1,-1,-1
1716079731641,799,-1,-1,-1,-1
1716079731866,800,-1,-1,-1,-1
1716079732091,820,-1,-1,-1,-1
1716079732317,809,-1,-1,-1,-1
1716079732542,802,-1,-1,-1,-1
1716079732767,803,-1,-1,-1,-1
1716079732992,806,-1,-1,-1,-1
1716079733218,815,-1,-1,-1,-1
1716079733443,815,-1,-1,-1,-1
1716079733668,806,-1,-1,-1,-1
1716079733893,823,-1,-1,-1,-1
1716079734119,830,-1,-1,-1,-1
1716079734344,793,-1,-1,-1,-1
1716079734569,834,-1,-1,-1,-1
1716079734794,811,-1,-1,-1,-1
1716079735020,808,-1,-1,-1,-1
1716079735245,790,-1,-1,-1,-1
1716079735470,766,-1,-1,-1,-1
1716079735695,823,-1,-1,-1,-1
1716079735921,807,6,4048,-1,-1
1716079736146,813,-1,-1,-1,-1
1716079736371,807,-1,-1,-1,-1
1716079736596,794,-1,-1,-1,-1
1716079736821,805,-1,-1,-1,-1
1716079737047,833,-1,-1,-1,-1
1716079737272,800,-1,-1,-1,-1
1716079737497,837,13,2617,-1,-1
1716079737723,838,-1,-1,-1,-1
1716079737948,821,-1,-1,-1,-1
1716079738173,793,-1,-1,-1,-1
1716079738398,787,-1,-1,-1,-1
1716079738624,847,-1,-1,-1,-1
1716079738849,800,-1,-1,-1,-1
1716079739074,801,9,1254,-1,-1
1716079739299,815,-1,-1,-1,-1
1716079739525,805,-1,-1,-1,-1
1716079739750,815,-1,-1,-1,-1
1716079739975,818,-1,-1,-1,-1
1716079740200,787,-1,-1,-1,-1
1716079740426,823,12,2685,-1,-1
1716079740651,810,-1,-1,-1,-1
1716079740876,821,-1,-1,-1,-1
1716079741101,823,-1,-1,-1,-1
1716079741327,845,-1,-1,-1,-1
1716079741552,801,-1,-1,-1,-1
1716079741777,809,-1,-1,-1,-1
1716079742002,799,-1,-1,-1,-1
1716079742228,785,-1,-1,-1,-1
1716079742453,777,-1,-1,-1,-1
1716079742678,839,-1,-1,-1,-1
1716079742903,830,-1,-1,-1,-1
1716079743129,854,-1,-1,-1,-1
1716079743354,769,-1,-1,-1,-1
1716079743579,838,-1,-1,-1,-1
1716079743804,811,-1,-1,-1,-1
1716079744030,834,-1,-1,-1,-1
1716079744255,782,-1,-1,-1,-1
1716079744480,832,-1,-1,-1,-1
1716079744705,780,-1,-1,-1,-1
1716079744931,799,-1,-1,-1,-1
1716079745156,815,-1,-1,-1,-1
1716079745381,822,12,2647,-1,-1
1716079745607,804,-1,-1,-1,-1
1716079745832,799,-1,-1,-1,-1
1716079746057,807,-1,-1,-1,-1
1716079746282,818,-1,-1,-1,-1
1716079746508,788,-1,-1,-1,-1
1716079746733,793,-1,-1,-1,-1
1716079746958,796,-1,-1,-1,-1
1716079747183,804,-1,-1,-1,-1
1716079747409,827,10,2446,-1,-1
1716079747634,820,-1,-1,-1,-1
1716079747859,794,-1,-1,-1,-1
1716079748084,790,-1,-1,-1,-1
1716079748310,800,-1,-1,-1,-1
1716079748535,810,-1,-1,-1,-1
1716079748760,816,-1,-1,-1,-1
1716079748998,824,-1,-1,-1,-1
1716079749223,855,-1,-1,-1,-1
1716079749449,850,-1,-1,-1,-1
1716079749674,866,-1,-1,-1,-1
1716079749899,821,-1,-1,-1,-1
1716079750125,850,-1,-1,-1,-1
1716079750350,846,-1,-1,-1,-1
1716079750575,850,-1,-1,-1,-1
1716079750800,812,-1,-1,-1,-1
1716079751025,835,-1,-1,-1,-1
1716079751251,824,-1,-1,-1,-1
1716079751476,847,-1,-1,-1,-1
1716079751701,886,-1,-1,-1,-1
1716079751927,839,-1,-1,-1,-1
1716079752152,823,-1,-1,-1,-1
1716079752377,861,-1,-1,-1,-1
1716079752602,840,12,2587,-1,-1
1716079752828,850,-1,-1,-1,-1
1716079753053,862,16,2708,-1,-1
1716079753278,791,11,1494,-1,-1
1716079753503,860,-1,-1,-1,-1
1716079753728,825,13,2874,11,3080
1716079753954,833,-1,-1,-1,-1
1716079754179,853,-1,-1,-1,-1
1716079754404,834,-1,-1,-1,-1
1716079754630,837,-1,-1,-1,-1
1716079754855,874,-1,-1,-1,-1
1716079755080,821,-1,-1,-1,-1
1716079755305,836,-1,-1,-1,-1
1716079755531,861,-1,-1,-1,-1
1716079755756,857,10,2298,-1,-1
1716079755981,819,-1,-1,-1,-1
1716079756207,834,-1,-1,-1,-1
1716079756432,848,-1,-1,-1,-1
1716079756657,840,-1,-1,-1,-1
1716079756882,864,-1,-1,-1,-1
1716079757108,818,-1,-1,-1,-1
1716079757333,844,-1,-1,-1,-1
1716079757558,855,-1,-1,-1,-1
1716079757783,832,-1,-1,-1,-1
1716079758008,849,11,2069,10,2275
1716079758234,853,-1,-1,-1,-1
1716079758459,806,-1,-1,-1,-1
1716079758684,826,-1,-1,-1,-1
1716079758909,885,-1,-1,-1,-1
1716079759135,843,-1,-1,-1,-1
1716079759360,852,-1,-1,-1,-1
1716079759585,849,-1,-1,-1,-1
1716079759810,846,-1,-1,-1,-1
1716079760036,821,-1,-1,-1,-1
1716079760261,853,-1,-1,-1,-1
1716079760486,861,-1,-1,-1,-1
1716079760711,839,-1,-1,-1,-1
1716079760937,850,-1,-1,-1,-1
1716079761162,860,-1,-1,-1,-1
1716079761387,822,-1,-1,-1,-1
1716079761612,829,-1,-1,-1,-1
1716079761838,841,-1,-1,-1,-1
1716079762063,824,-1,-1,-1,-1
1716079762288,835,-1,-1,-1,-1
1716079762513,834,-1,-1,-1,-1
1716079762739,845,-1,-1,-1,-1
1716079762964,829,-1,-1,-1,-1
1716079763189,834,-1,-1,-1,-1
1716079763414,829,-1,-1,-1,-1
1716079763640,825,-1,-1,-1,-1
1716079763865,836,-1,-1,-1,-1
1716079764090,853,-1,-1,-1,-1
1716079764315,837,-1,-1,-1,-1
1716079764541,816,-1,-1,-1,-1
1716079764766,837,-1,-1,-1,-1
1716079764991,832,-1,-1,-1,-1
1716079765216,839,9,1038,-1,-1
1716079765442,832,-1,-1,-1,-1
1716079765667,847,-1,-1,-1,-1
1716079765892,808,15,2587,-1,-1
1716079766117,845,-1,-1,-1,-1
1716079766343,869,10,1600,-1,-1
1716079766568,852,8,2282,-1,-1
1716079766793,854,13,2657,-1,-1
1716079767018,820,-1,-1,-1,-1
1716079767244,824,-1,-1,-1,-1
1716079767469,844,-1,-1,-1,-1
1716079767694,874,-1,-1,-1,-1
1716079767919,821,-1,-1,-1,-1
1716079768145,794,-1,-1,-1,-1
1716079768370,859,-1,-1,-1,-1
1716079768595,835,-1,-1,-1,-1
1716079768820,840,-1,-1,-1,-1
1716079769046,851,9,1804,10,2046
1716079769271,836,-1,-1,-1,-1
1716079769496,838,-1,-1,-1,-1
1716079769721,817,-1,-1,-1,-1
1716079769947,845,-1,-1,-1,-1
1716079770172,814,-1,-1,-1,-1
1716079770397,847,-1,-1,-1,-1
1716079770622,870,-1,-1,-1,-1
1716079770848,842,-1,-1,-1,-1
1716079771073,859,-1,-1,-1,-1
1716079771298,845,-1,-1,-1,-1
1716079771523,862,-1,-1,-1,-1
1716079771749,842,-1,-1,-1,-1
1716079771974,838,-1,-1,-1,-1
1716079772199,837,-1,-1,-1,-1
1716079772424,852,-1,-1,-1,-1
1716079772650,830,-1,-1,-1,-1
1716079772875,857,-1,-1,-1,-1
1716079773100,871,-1,-1,-1,-1
1716079773325,828,-1,-1,-1,-1
1716079773551,858,-1,-1,-1,-1
1716079773776,863,-1,-1,-1,-1
1716079774001,815,-1,-1,-1,-1
1716079774226,817,13,2587,-1,-1
1716079774452,814,-1,-1,-1,-1
1716079774677,878,-1,-1,-1,-1
1716079774902,878,-1,-1,-1,-1
1716079775127,827,-1,-1,-1,-1
1716079775353,809,15,2694,-1,-1
1716079775578,823,-1,-1,-1,-1
1716079775803,829,9,2957,-1,-1
1716079776028,872,-1,-1,-1,-1
1716079776254,874,-1,-1,-1,-1
1716079776479,869,-1,-1,-1,-1
1716079776704,855,-1,-1,-1,-1
1716079776929,862,-1,-1,-1,-1
1716079777155,843,-1,-1,-1,-1
1716079777380,834,-1,-1,-1,-1
1716079777605,846,-1,-1,-1,-1
1716079777830,811,-1,-1,-1,-1
1716079778056,826,-1,-1,-1,-1
1716079778281,868,-1,-1,-1,-1
1716079778506,818,-1,-1,-1,-1
1716079778731,854,-1,-1,-1,-1
1716079778957,864,-1,-1,-1,-1
1716079779182,846,-1,-1,-1,-1
1716079779407,847,11,1957,-1,-1
1716079779633,840,-1,-1,-1,-1
1716079779858,883,-1,-1,-1,-1
1716079780083,870,-1,-1,-1,-1
1716079780308,829,-1,-1,-1,-1
1716079780534,837,-1,-1,-1,-1
1716079780759,826,-1,-1,-1,-1
1716079780984,804,-1,-1,-1,-1
1716079781209,819,-1,-1,-1,-1
1716079781435,863,-1,-1,-1,-1
1716079781660,881,-1,-1,-1,-1
1716079781885,831,-1,-1,-1,-1
1716079782111,857,-1,-1,-1,-1
1716079782336,847,-1,-1,-1,-1
1716079782561,834,-1,-1,-1,-1
1716079782786,833,-1,-1,-1,-1
1716079783012,843,-1,-1,-1,-1
1716079783237,825,-1,-1,-1,-1
1716079783462,838,-1,-1,-1,-1
1716079783687,829,-1,-1,-1,-1
1716079783913,858,12,2469,-1,-1
1716079784138,792,-1,-1,-1,-1
1716079784363,855,-1,-1,-1,-1
1716079784588,851,-1,-1,-1,-1
1716079784814,845,-1,-1,-1,-1
1716079785039,818,12,2560,-1,-1
1716079785264,841,-1,-1,-1,-1
1716079785489,836,-1,-1,-1,-1
1716079785715,877,-1,-1,-1,-1
1716079785940,827,-1,-1,-1,-1
1716079786165,859,-1,-1,-1,-1
1716079786390,871,-1,-1,-1,-1
1716079786616,850,-1,-1,-1,-1
1716079786841,859,-1,-1,-1,-1
1716079787066,847,-1,-1,-1,-1
1716079787292,859,-1,-1,-1,-1
1716079787517,854,-1,-1,-1,-1
1716079787742,843,-1,-1,-1,-1
1716079787967,823,-1,-1,-1,-1
1716079788193,847,-1,-1,-1,-1
1716079788418,842,-1,-1,-1,-1
1716079788643,860,-1,-1,-1,-1
1716079788869,904,-1,-1,-1,-1
1716079789094,860,-1,-1,-1,-1
1716079789319,876,-1,-1,-1,-1
1716079789544,874,-1,-1,-1,-1
1716079789769,872,7,726,-1,-1
1716079789995,879,-1,-1,-1,-1
1716079790220,900,-1,-1,-1,-1
1716079790445,857,-1,-1,-1,-1
1716079790670,883,10,2660,-1,-1
1716079790896,876,-1,-1,-1,-1
1716079791121,874,-1,-1,-1,-1
1716079791346,895,-1,-1,-1,-1
1716079791571,892,-1,-1,-1,-1
1716079791797,844,-1,-1,-1,-1
1716079792022,892,-1,-1,-1,-1
1716079792247,852,-1,-1,-1,-1
1716079792473,845,-1,-1,-1,-1
1716079792698,859,-1,-1,-1,-1
1716079792923,852,-1,-1,-1,-1
1716079793148,841,-1,-1,-1,-1
1716079793374,842,-1,-1,-1,-1
1716079793599,807,-1,-1,-1,-1
1716079793824,870,-1,-1,-1,-1
1716079794049,854,-1,-1,-1,-1
1716079794275,877,-1,-1,-1,-1
1716079794500,854,-1,-1,-1,-1
1716079794725,811,-1,-1,-1,-1
1716079794951,858,-1,-1,-1,-1
1716079795176,884,-1,-1,-1,-1
1716079795401,860,7,428,-1,-1
1716079795627,883,-1,-1,-1,-1
1716079795852,882,-1,-1,-1,-1
1716079796077,846,-1,-1,-1,-1
1716079796302,880,-1,-1,-1,-1
1716079796528,833,-1,-1,-1,-1
1716079796753,857,-1,-1,-1,-1
1716079796978,843,-1,-1,-1,-1
